{
  "__comment": [
    "Mobs will be able to equip items declared here",
    "The first number is the weight while the second number is the quality",
    "Weight is the weight of an item. Higher weight means that the item is more likely to get choosen",
    "Quality is a modifier applied to the weight. The final weight used is weight + quality * current difficulty"
  ],
  "MAINHAND": {
    "aquaculture:diamond_fillet_knife": [
      1064,
      -0.512
    ],
    "aquaculture:gold_fillet_knife": [
      1442,
      -3.536
    ],
    "aquaculture:iron_fillet_knife": [
      1371,
      -2.968
    ],
    "aquaculture:neptunium_axe": [
      1055,
      -0.44
    ],
    "aquaculture:neptunium_bow": [
      50,
      0.0
    ],
    "aquaculture:neptunium_fillet_knife": [
      1409,
      -3.272
    ],
    "aquaculture:neptunium_sword": [
      696,
      2.432
    ],
    "aquaculture:stone_fillet_knife": [
      1410,
      -3.28
    ],
    "aquaculture:wooden_fillet_knife": [
      1436,
      -3.488
    ],
    "big_swords:biomass_big_sword": [
      1190,
      -1.52
    ],
    "big_swords:biomass_glaive": [
      1310,
      -2.48
    ],
    "big_swords:diamond_big_sword": [
      459,
      4.328
    ],
    "big_swords:diamond_glaive": [
      851,
      1.192
    ],
    "big_swords:ender_big_sword": [
      703,
      2.376
    ],
    "big_swords:golden_big_sword": [
      1286,
      -2.288
    ],
    "big_swords:golden_glaive": [
      1377,
      -3.016
    ],
    "big_swords:iron_big_sword": [
      1099,
      -0.792
    ],
    "big_swords:iron_glaive": [
      1280,
      -2.24
    ],
    "big_swords:livingmetal_big_sword": [
      1187,
      -1.496
    ],
    "big_swords:livingmetal_glaive": [
      1280,
      -2.24
    ],
    "big_swords:netherite_big_sword": [
      194,
      6.448
    ],
    "big_swords:netherite_glaive": [
      670,
      2.64
    ],
    "big_swords:obsidian_big_sword": [
      858,
      1.136
    ],
    "big_swords:patchwork_big_sword": [
      1342,
      -2.736
    ],
    "big_swords:quartz_big_sword": [
      1100,
      -0.8
    ],
    "big_swords:skull_big_sword": [
      1228,
      -1.824
    ],
    "big_swords:stone_big_sword": [
      1199,
      -1.592
    ],
    "big_swords:stone_glaive": [
      1348,
      -2.784
    ],
    "big_swords:wooden_big_sword": [
      1273,
      -2.184
    ],
    "big_swords:wooden_glaive": [
      1397,
      -3.176
    ],
    "byg:pendorite_axe": [
      912,
      0.704
    ],
    "byg:pendorite_battleaxe": [
      858,
      1.136
    ],
    "byg:pendorite_sword": [
      412,
      4.704
    ],
    "cataclysm:final_fractal": [
      1,
      15.592
    ],
    "cataclysm:zweiender": [
      1,
      15.592
    ],
    "cataclysm_weaponery:ignitium_axe": [
      620,
      3.04
    ],
    "cataclysm_weaponery:ignitium_sword": [
      1,
      10.2
    ],
    "cfm:spatula": [
      1225,
      -1.8
    ],
    "cyclic:crystal_axe": [
      191,
      6.472
    ],
    "cyclic:crystal_sword": [
      1,
      16.456
    ],
    "cyclic:emerald_axe": [
      1028,
      -0.224
    ],
    "cyclic:emerald_sword": [
      709,
      2.328
    ],
    "cyclic:netherbrick_axe": [
      1300,
      -2.4
    ],
    "cyclic:netherbrick_sword": [
      1262,
      -2.096
    ],
    "cyclic:sandstone_axe": [
      1342,
      -2.736
    ],
    "cyclic:sandstone_sword": [
      1316,
      -2.528
    ],
    "endrem:end_crystal_axe": [
      1125,
      -1.0
    ],
    "endrem:end_crystal_sword": [
      860,
      1.12
    ],
    "immersiveengineering:axe_steel": [
      1171,
      -1.368
    ],
    "immersiveengineering:sword_steel": [
      1065,
      -0.52
    ],
    "mekanism:electric_bow": [
      1300,
      0.0
    ],
    "mekanismtools:bronze_axe": [
      1174,
      -1.392
    ],
    "mekanismtools:bronze_sword": [
      1187,
      -1.496
    ],
    "mekanismtools:lapis_lazuli_axe": [
      1359,
      -2.872
    ],
    "mekanismtools:lapis_lazuli_sword": [
      1299,
      -2.392
    ],
    "mekanismtools:osmium_axe": [
      947,
      0.424
    ],
    "mekanismtools:osmium_sword": [
      904,
      0.768
    ],
    "mekanismtools:refined_glowstone_axe": [
      1219,
      -1.752
    ],
    "mekanismtools:refined_glowstone_sword": [
      1184,
      -1.472
    ],
    "mekanismtools:refined_obsidian_axe": [
      442,
      4.464
    ],
    "mekanismtools:refined_obsidian_sword": [
      1,
      9.92
    ],
    "mekanismtools:steel_axe": [
      1112,
      -0.896
    ],
    "mekanismtools:steel_sword": [
      1108,
      -0.864
    ],
    "minecolonies:chiefsword": [
      789,
      1.688
    ],
    "minecolonies:iron_scimitar": [
      1225,
      -1.8
    ],
    "minecolonies:pharaoscepter": [
      1108,
      0.0
    ],
    "minecraft:bow": [
      1108,
      0.0
    ],
    "minecraft:crossbow": [
      1000,
      0.0
    ],
    "minecraft:diamond_axe": [
      1101,
      -0.808
    ],
    "minecraft:diamond_sword": [
      789,
      1.688
    ],
    "minecraft:enchanted_book": [
      1100,
      0.0
    ],
    "minecraft:golden_axe": [
      1334,
      -2.672
    ],
    "minecraft:golden_sword": [
      1362,
      -2.896
    ],
    "minecraft:iron_axe": [
      1233,
      -1.864
    ],
    "minecraft:iron_sword": [
      1225,
      -1.8
    ],
    "minecraft:lingering_potion{Potion:\"minecraft:harming\"}": [
      1050,
      0.0
    ],
    "minecraft:netherite_axe": [
      1008,
      -0.064
    ],
    "minecraft:netherite_sword": [
      602,
      3.184
    ],
    "minecraft:snowball": [
      1400,
      0.0
    ],
    "minecraft:splash_potion{Potion:\"minecraft:harming\"}": [
      1050,
      0.0
    ],
    "minecraft:stone_axe": [
      1244,
      -1.952
    ],
    "minecraft:stone_sword": [
      1298,
      -2.384
    ],
    "minecraft:tnt": [
      800,
      0.0
    ],
    "minecraft:trident": [
      900,
      0.0
    ],
    "minecraft:wooden_axe": [
      1332,
      -2.656
    ],
    "minecraft:wooden_sword": [
      1354,
      -2.832
    ],
    "mob_grinding_utils:null_sword": [
      789,
      1.688
    ],
    "mowziesmobs:blowgun": [
      1150,
      0.0
    ],
    "mowziesmobs:wrought_axe": [
      1233,
      -1.864
    ],
    "spartanweaponry:battleaxe_bronze": [
      1306,
      -2.448
    ],
    "spartanweaponry:battleaxe_copper": [
      1355,
      -2.84
    ],
    "spartanweaponry:battleaxe_diamond": [
      903,
      0.776
    ],
    "spartanweaponry:battleaxe_electrum": [
      1348,
      -2.784
    ],
    "spartanweaponry:battleaxe_gold": [
      1440,
      -3.52
    ],
    "spartanweaponry:battleaxe_invar": [
      1264,
      -2.112
    ],
    "spartanweaponry:battleaxe_iron": [
      1327,
      -2.616
    ],
    "spartanweaponry:battleaxe_lead": [
      1330,
      -2.64
    ],
    "spartanweaponry:battleaxe_netherite": [
      728,
      2.176
    ],
    "spartanweaponry:battleaxe_nickel": [
      1342,
      -2.736
    ],
    "spartanweaponry:battleaxe_platinum": [
      1048,
      -0.384
    ],
    "spartanweaponry:battleaxe_silver": [
      1401,
      -3.208
    ],
    "spartanweaponry:battleaxe_steel": [
      1243,
      -1.944
    ],
    "spartanweaponry:battleaxe_stone": [
      1388,
      -3.104
    ],
    "spartanweaponry:battleaxe_tin": [
      1354,
      -2.832
    ],
    "spartanweaponry:battleaxe_wood": [
      1432,
      -3.456
    ],
    "spartanweaponry:cestus": [
      1411,
      -3.288
    ],
    "spartanweaponry:cestus_studded": [
      1327,
      -2.616
    ],
    "spartanweaponry:club_studded": [
      1327,
      -2.616
    ],
    "spartanweaponry:club_wood": [
      1432,
      -3.456
    ],
    "spartanweaponry:dagger_bronze": [
      1306,
      -2.448
    ],
    "spartanweaponry:dagger_copper": [
      1355,
      -2.84
    ],
    "spartanweaponry:dagger_diamond": [
      903,
      0.776
    ],
    "spartanweaponry:dagger_electrum": [
      1348,
      -2.784
    ],
    "spartanweaponry:dagger_gold": [
      1440,
      -3.52
    ],
    "spartanweaponry:dagger_invar": [
      1264,
      -2.112
    ],
    "spartanweaponry:dagger_iron": [
      1327,
      -2.616
    ],
    "spartanweaponry:dagger_lead": [
      1330,
      -2.64
    ],
    "spartanweaponry:dagger_netherite": [
      728,
      2.176
    ],
    "spartanweaponry:dagger_nickel": [
      1342,
      -2.736
    ],
    "spartanweaponry:dagger_platinum": [
      1048,
      -0.384
    ],
    "spartanweaponry:dagger_silver": [
      1401,
      -3.208
    ],
    "spartanweaponry:dagger_steel": [
      1243,
      -1.944
    ],
    "spartanweaponry:dagger_stone": [
      1388,
      -3.104
    ],
    "spartanweaponry:dagger_tin": [
      1354,
      -2.832
    ],
    "spartanweaponry:dagger_wood": [
      1432,
      -3.456
    ],
    "spartanweaponry:flanged_mace_bronze": [
      1306,
      -2.448
    ],
    "spartanweaponry:flanged_mace_copper": [
      1355,
      -2.84
    ],
    "spartanweaponry:flanged_mace_diamond": [
      903,
      0.776
    ],
    "spartanweaponry:flanged_mace_electrum": [
      1348,
      -2.784
    ],
    "spartanweaponry:flanged_mace_gold": [
      1440,
      -3.52
    ],
    "spartanweaponry:flanged_mace_invar": [
      1264,
      -2.112
    ],
    "spartanweaponry:flanged_mace_iron": [
      1327,
      -2.616
    ],
    "spartanweaponry:flanged_mace_lead": [
      1330,
      -2.64
    ],
    "spartanweaponry:flanged_mace_netherite": [
      728,
      2.176
    ],
    "spartanweaponry:flanged_mace_nickel": [
      1342,
      -2.736
    ],
    "spartanweaponry:flanged_mace_platinum": [
      1048,
      -0.384
    ],
    "spartanweaponry:flanged_mace_silver": [
      1401,
      -3.208
    ],
    "spartanweaponry:flanged_mace_steel": [
      1243,
      -1.944
    ],
    "spartanweaponry:flanged_mace_stone": [
      1388,
      -3.104
    ],
    "spartanweaponry:flanged_mace_tin": [
      1354,
      -2.832
    ],
    "spartanweaponry:flanged_mace_wood": [
      1432,
      -3.456
    ],
    "spartanweaponry:glaive_bronze": [
      1306,
      -2.448
    ],
    "spartanweaponry:glaive_copper": [
      1355,
      -2.84
    ],
    "spartanweaponry:glaive_diamond": [
      903,
      0.776
    ],
    "spartanweaponry:glaive_electrum": [
      1348,
      -2.784
    ],
    "spartanweaponry:glaive_gold": [
      1440,
      -3.52
    ],
    "spartanweaponry:glaive_invar": [
      1264,
      -2.112
    ],
    "spartanweaponry:glaive_iron": [
      1327,
      -2.616
    ],
    "spartanweaponry:glaive_lead": [
      1330,
      -2.64
    ],
    "spartanweaponry:glaive_netherite": [
      728,
      2.176
    ],
    "spartanweaponry:glaive_nickel": [
      1342,
      -2.736
    ],
    "spartanweaponry:glaive_platinum": [
      1048,
      -0.384
    ],
    "spartanweaponry:glaive_silver": [
      1401,
      -3.208
    ],
    "spartanweaponry:glaive_steel": [
      1243,
      -1.944
    ],
    "spartanweaponry:glaive_stone": [
      1388,
      -3.104
    ],
    "spartanweaponry:glaive_tin": [
      1354,
      -2.832
    ],
    "spartanweaponry:glaive_wood": [
      1432,
      -3.456
    ],
    "spartanweaponry:greatsword_bronze": [
      1306,
      -2.448
    ],
    "spartanweaponry:greatsword_copper": [
      1355,
      -2.84
    ],
    "spartanweaponry:greatsword_diamond": [
      903,
      0.776
    ],
    "spartanweaponry:greatsword_electrum": [
      1348,
      -2.784
    ],
    "spartanweaponry:greatsword_gold": [
      1440,
      -3.52
    ],
    "spartanweaponry:greatsword_invar": [
      1264,
      -2.112
    ],
    "spartanweaponry:greatsword_iron": [
      1327,
      -2.616
    ],
    "spartanweaponry:greatsword_lead": [
      1330,
      -2.64
    ],
    "spartanweaponry:greatsword_netherite": [
      728,
      2.176
    ],
    "spartanweaponry:greatsword_nickel": [
      1342,
      -2.736
    ],
    "spartanweaponry:greatsword_platinum": [
      1048,
      -0.384
    ],
    "spartanweaponry:greatsword_silver": [
      1401,
      -3.208
    ],
    "spartanweaponry:greatsword_steel": [
      1243,
      -1.944
    ],
    "spartanweaponry:greatsword_stone": [
      1388,
      -3.104
    ],
    "spartanweaponry:greatsword_tin": [
      1354,
      -2.832
    ],
    "spartanweaponry:greatsword_wood": [
      1432,
      -3.456
    ],
    "spartanweaponry:halberd_bronze": [
      1306,
      -2.448
    ],
    "spartanweaponry:halberd_copper": [
      1355,
      -2.84
    ],
    "spartanweaponry:halberd_diamond": [
      903,
      0.776
    ],
    "spartanweaponry:halberd_electrum": [
      1348,
      -2.784
    ],
    "spartanweaponry:halberd_gold": [
      1440,
      -3.52
    ],
    "spartanweaponry:halberd_invar": [
      1264,
      -2.112
    ],
    "spartanweaponry:halberd_iron": [
      1327,
      -2.616
    ],
    "spartanweaponry:halberd_lead": [
      1330,
      -2.64
    ],
    "spartanweaponry:halberd_netherite": [
      728,
      2.176
    ],
    "spartanweaponry:halberd_nickel": [
      1342,
      -2.736
    ],
    "spartanweaponry:halberd_platinum": [
      1048,
      -0.384
    ],
    "spartanweaponry:halberd_silver": [
      1401,
      -3.208
    ],
    "spartanweaponry:halberd_steel": [
      1243,
      -1.944
    ],
    "spartanweaponry:halberd_stone": [
      1388,
      -3.104
    ],
    "spartanweaponry:halberd_tin": [
      1354,
      -2.832
    ],
    "spartanweaponry:halberd_wood": [
      1432,
      -3.456
    ],
    "spartanweaponry:hammer_bronze": [
      1306,
      -2.448
    ],
    "spartanweaponry:hammer_copper": [
      1355,
      -2.84
    ],
    "spartanweaponry:hammer_diamond": [
      903,
      0.776
    ],
    "spartanweaponry:hammer_electrum": [
      1348,
      -2.784
    ],
    "spartanweaponry:hammer_gold": [
      1440,
      -3.52
    ],
    "spartanweaponry:hammer_invar": [
      1264,
      -2.112
    ],
    "spartanweaponry:hammer_iron": [
      1327,
      -2.616
    ],
    "spartanweaponry:hammer_lead": [
      1330,
      -2.64
    ],
    "spartanweaponry:hammer_netherite": [
      728,
      2.176
    ],
    "spartanweaponry:hammer_nickel": [
      1342,
      -2.736
    ],
    "spartanweaponry:hammer_platinum": [
      1048,
      -0.384
    ],
    "spartanweaponry:hammer_silver": [
      1401,
      -3.208
    ],
    "spartanweaponry:hammer_steel": [
      1243,
      -1.944
    ],
    "spartanweaponry:hammer_stone": [
      1388,
      -3.104
    ],
    "spartanweaponry:hammer_tin": [
      1354,
      -2.832
    ],
    "spartanweaponry:hammer_wood": [
      1432,
      -3.456
    ],
    "spartanweaponry:heavy_crossbow_bronze": [
      1000,
      0.0
    ],
    "spartanweaponry:heavy_crossbow_copper": [
      1000,
      0.0
    ],
    "spartanweaponry:heavy_crossbow_diamond": [
      1000,
      0.0
    ],
    "spartanweaponry:heavy_crossbow_electrum": [
      1000,
      0.0
    ],
    "spartanweaponry:heavy_crossbow_gold": [
      1000,
      0.0
    ],
    "spartanweaponry:heavy_crossbow_invar": [
      1000,
      0.0
    ],
    "spartanweaponry:heavy_crossbow_iron": [
      1000,
      0.0
    ],
    "spartanweaponry:heavy_crossbow_lead": [
      1000,
      0.0
    ],
    "spartanweaponry:heavy_crossbow_leather": [
      1000,
      0.0
    ],
    "spartanweaponry:heavy_crossbow_netherite": [
      1000,
      0.0
    ],
    "spartanweaponry:heavy_crossbow_nickel": [
      1000,
      0.0
    ],
    "spartanweaponry:heavy_crossbow_platinum": [
      1000,
      0.0
    ],
    "spartanweaponry:heavy_crossbow_silver": [
      1000,
      0.0
    ],
    "spartanweaponry:heavy_crossbow_steel": [
      1000,
      0.0
    ],
    "spartanweaponry:heavy_crossbow_tin": [
      1000,
      0.0
    ],
    "spartanweaponry:heavy_crossbow_wood": [
      1000,
      0.0
    ],
    "spartanweaponry:katana_bronze": [
      1306,
      -2.448
    ],
    "spartanweaponry:katana_copper": [
      1355,
      -2.84
    ],
    "spartanweaponry:katana_diamond": [
      903,
      0.776
    ],
    "spartanweaponry:katana_electrum": [
      1348,
      -2.784
    ],
    "spartanweaponry:katana_gold": [
      1440,
      -3.52
    ],
    "spartanweaponry:katana_invar": [
      1264,
      -2.112
    ],
    "spartanweaponry:katana_iron": [
      1327,
      -2.616
    ],
    "spartanweaponry:katana_lead": [
      1330,
      -2.64
    ],
    "spartanweaponry:katana_netherite": [
      728,
      2.176
    ],
    "spartanweaponry:katana_nickel": [
      1342,
      -2.736
    ],
    "spartanweaponry:katana_platinum": [
      1048,
      -0.384
    ],
    "spartanweaponry:katana_silver": [
      1401,
      -3.208
    ],
    "spartanweaponry:katana_steel": [
      1243,
      -1.944
    ],
    "spartanweaponry:katana_stone": [
      1388,
      -3.104
    ],
    "spartanweaponry:katana_tin": [
      1354,
      -2.832
    ],
    "spartanweaponry:katana_wood": [
      1432,
      -3.456
    ],
    "spartanweaponry:lance_bronze": [
      1306,
      -2.448
    ],
    "spartanweaponry:lance_copper": [
      1355,
      -2.84
    ],
    "spartanweaponry:lance_diamond": [
      903,
      0.776
    ],
    "spartanweaponry:lance_electrum": [
      1348,
      -2.784
    ],
    "spartanweaponry:lance_gold": [
      1440,
      -3.52
    ],
    "spartanweaponry:lance_invar": [
      1264,
      -2.112
    ],
    "spartanweaponry:lance_iron": [
      1327,
      -2.616
    ],
    "spartanweaponry:lance_lead": [
      1330,
      -2.64
    ],
    "spartanweaponry:lance_netherite": [
      728,
      2.176
    ],
    "spartanweaponry:lance_nickel": [
      1342,
      -2.736
    ],
    "spartanweaponry:lance_platinum": [
      1048,
      -0.384
    ],
    "spartanweaponry:lance_silver": [
      1401,
      -3.208
    ],
    "spartanweaponry:lance_steel": [
      1243,
      -1.944
    ],
    "spartanweaponry:lance_stone": [
      1388,
      -3.104
    ],
    "spartanweaponry:lance_tin": [
      1354,
      -2.832
    ],
    "spartanweaponry:lance_wood": [
      1432,
      -3.456
    ],
    "spartanweaponry:longbow_bronze": [
      1060,
      0.0
    ],
    "spartanweaponry:longbow_copper": [
      1150,
      0.0
    ],
    "spartanweaponry:longbow_diamond": [
      129,
      0.0
    ],
    "spartanweaponry:longbow_electrum": [
      1165,
      0.0
    ],
    "spartanweaponry:longbow_gold": [
      1276,
      0.0
    ],
    "spartanweaponry:longbow_invar": [
      970,
      0.0
    ],
    "spartanweaponry:longbow_iron": [
      1112,
      0.0
    ],
    "spartanweaponry:longbow_lead": [
      1120,
      0.0
    ],
    "spartanweaponry:longbow_leather": [
      1204,
      0.0
    ],
    "spartanweaponry:longbow_netherite": [
      1,
      0.0
    ],
    "spartanweaponry:longbow_nickel": [
      1150,
      0.0
    ],
    "spartanweaponry:longbow_platinum": [
      532,
      0.0
    ],
    "spartanweaponry:longbow_silver": [
      1264,
      0.0
    ],
    "spartanweaponry:longbow_steel": [
      940,
      0.0
    ],
    "spartanweaponry:longbow_tin": [
      1165,
      0.0
    ],
    "spartanweaponry:longbow_wood": [
      1256,
      0.0
    ],
    "spartanweaponry:longsword_bronze": [
      1306,
      -2.448
    ],
    "spartanweaponry:longsword_copper": [
      1355,
      -2.84
    ],
    "spartanweaponry:longsword_diamond": [
      903,
      0.776
    ],
    "spartanweaponry:longsword_electrum": [
      1348,
      -2.784
    ],
    "spartanweaponry:longsword_gold": [
      1440,
      -3.52
    ],
    "spartanweaponry:longsword_invar": [
      1264,
      -2.112
    ],
    "spartanweaponry:longsword_iron": [
      1327,
      -2.616
    ],
    "spartanweaponry:longsword_lead": [
      1330,
      -2.64
    ],
    "spartanweaponry:longsword_netherite": [
      728,
      2.176
    ],
    "spartanweaponry:longsword_nickel": [
      1342,
      -2.736
    ],
    "spartanweaponry:longsword_platinum": [
      1048,
      -0.384
    ],
    "spartanweaponry:longsword_silver": [
      1401,
      -3.208
    ],
    "spartanweaponry:longsword_steel": [
      1243,
      -1.944
    ],
    "spartanweaponry:longsword_stone": [
      1388,
      -3.104
    ],
    "spartanweaponry:longsword_tin": [
      1354,
      -2.832
    ],
    "spartanweaponry:longsword_wood": [
      1432,
      -3.456
    ],
    "spartanweaponry:parrying_dagger_bronze": [
      1306,
      -2.448
    ],
    "spartanweaponry:parrying_dagger_copper": [
      1355,
      -2.84
    ],
    "spartanweaponry:parrying_dagger_diamond": [
      903,
      0.776
    ],
    "spartanweaponry:parrying_dagger_electrum": [
      1348,
      -2.784
    ],
    "spartanweaponry:parrying_dagger_gold": [
      1440,
      -3.52
    ],
    "spartanweaponry:parrying_dagger_invar": [
      1264,
      -2.112
    ],
    "spartanweaponry:parrying_dagger_iron": [
      1327,
      -2.616
    ],
    "spartanweaponry:parrying_dagger_lead": [
      1330,
      -2.64
    ],
    "spartanweaponry:parrying_dagger_netherite": [
      728,
      2.176
    ],
    "spartanweaponry:parrying_dagger_nickel": [
      1342,
      -2.736
    ],
    "spartanweaponry:parrying_dagger_platinum": [
      1048,
      -0.384
    ],
    "spartanweaponry:parrying_dagger_silver": [
      1401,
      -3.208
    ],
    "spartanweaponry:parrying_dagger_steel": [
      1243,
      -1.944
    ],
    "spartanweaponry:parrying_dagger_stone": [
      1388,
      -3.104
    ],
    "spartanweaponry:parrying_dagger_tin": [
      1354,
      -2.832
    ],
    "spartanweaponry:parrying_dagger_wood": [
      1432,
      -3.456
    ],
    "spartanweaponry:pike_bronze": [
      1306,
      -2.448
    ],
    "spartanweaponry:pike_copper": [
      1355,
      -2.84
    ],
    "spartanweaponry:pike_diamond": [
      903,
      0.776
    ],
    "spartanweaponry:pike_electrum": [
      1348,
      -2.784
    ],
    "spartanweaponry:pike_gold": [
      1440,
      -3.52
    ],
    "spartanweaponry:pike_invar": [
      1264,
      -2.112
    ],
    "spartanweaponry:pike_iron": [
      1327,
      -2.616
    ],
    "spartanweaponry:pike_lead": [
      1330,
      -2.64
    ],
    "spartanweaponry:pike_netherite": [
      728,
      2.176
    ],
    "spartanweaponry:pike_nickel": [
      1342,
      -2.736
    ],
    "spartanweaponry:pike_platinum": [
      1048,
      -0.384
    ],
    "spartanweaponry:pike_silver": [
      1401,
      -3.208
    ],
    "spartanweaponry:pike_steel": [
      1243,
      -1.944
    ],
    "spartanweaponry:pike_stone": [
      1388,
      -3.104
    ],
    "spartanweaponry:pike_tin": [
      1354,
      -2.832
    ],
    "spartanweaponry:pike_wood": [
      1432,
      -3.456
    ],
    "spartanweaponry:quarterstaff_bronze": [
      1306,
      -2.448
    ],
    "spartanweaponry:quarterstaff_copper": [
      1355,
      -2.84
    ],
    "spartanweaponry:quarterstaff_diamond": [
      903,
      0.776
    ],
    "spartanweaponry:quarterstaff_electrum": [
      1348,
      -2.784
    ],
    "spartanweaponry:quarterstaff_gold": [
      1440,
      -3.52
    ],
    "spartanweaponry:quarterstaff_invar": [
      1264,
      -2.112
    ],
    "spartanweaponry:quarterstaff_iron": [
      1327,
      -2.616
    ],
    "spartanweaponry:quarterstaff_lead": [
      1330,
      -2.64
    ],
    "spartanweaponry:quarterstaff_netherite": [
      728,
      2.176
    ],
    "spartanweaponry:quarterstaff_nickel": [
      1342,
      -2.736
    ],
    "spartanweaponry:quarterstaff_platinum": [
      1048,
      -0.384
    ],
    "spartanweaponry:quarterstaff_silver": [
      1401,
      -3.208
    ],
    "spartanweaponry:quarterstaff_steel": [
      1243,
      -1.944
    ],
    "spartanweaponry:quarterstaff_stone": [
      1388,
      -3.104
    ],
    "spartanweaponry:quarterstaff_tin": [
      1354,
      -2.832
    ],
    "spartanweaponry:quarterstaff_wood": [
      1432,
      -3.456
    ],
    "spartanweaponry:rapier_bronze": [
      1306,
      -2.448
    ],
    "spartanweaponry:rapier_copper": [
      1355,
      -2.84
    ],
    "spartanweaponry:rapier_diamond": [
      903,
      0.776
    ],
    "spartanweaponry:rapier_electrum": [
      1348,
      -2.784
    ],
    "spartanweaponry:rapier_gold": [
      1440,
      -3.52
    ],
    "spartanweaponry:rapier_invar": [
      1264,
      -2.112
    ],
    "spartanweaponry:rapier_iron": [
      1327,
      -2.616
    ],
    "spartanweaponry:rapier_lead": [
      1330,
      -2.64
    ],
    "spartanweaponry:rapier_netherite": [
      728,
      2.176
    ],
    "spartanweaponry:rapier_nickel": [
      1342,
      -2.736
    ],
    "spartanweaponry:rapier_platinum": [
      1048,
      -0.384
    ],
    "spartanweaponry:rapier_silver": [
      1401,
      -3.208
    ],
    "spartanweaponry:rapier_steel": [
      1243,
      -1.944
    ],
    "spartanweaponry:rapier_stone": [
      1388,
      -3.104
    ],
    "spartanweaponry:rapier_tin": [
      1354,
      -2.832
    ],
    "spartanweaponry:rapier_wood": [
      1432,
      -3.456
    ],
    "spartanweaponry:saber_bronze": [
      1306,
      -2.448
    ],
    "spartanweaponry:saber_copper": [
      1355,
      -2.84
    ],
    "spartanweaponry:saber_diamond": [
      903,
      0.776
    ],
    "spartanweaponry:saber_electrum": [
      1348,
      -2.784
    ],
    "spartanweaponry:saber_gold": [
      1440,
      -3.52
    ],
    "spartanweaponry:saber_invar": [
      1264,
      -2.112
    ],
    "spartanweaponry:saber_iron": [
      1327,
      -2.616
    ],
    "spartanweaponry:saber_lead": [
      1330,
      -2.64
    ],
    "spartanweaponry:saber_netherite": [
      728,
      2.176
    ],
    "spartanweaponry:saber_nickel": [
      1342,
      -2.736
    ],
    "spartanweaponry:saber_platinum": [
      1048,
      -0.384
    ],
    "spartanweaponry:saber_silver": [
      1401,
      -3.208
    ],
    "spartanweaponry:saber_steel": [
      1243,
      -1.944
    ],
    "spartanweaponry:saber_stone": [
      1388,
      -3.104
    ],
    "spartanweaponry:saber_tin": [
      1354,
      -2.832
    ],
    "spartanweaponry:saber_wood": [
      1432,
      -3.456
    ],
    "spartanweaponry:scythe_bronze": [
      1306,
      -2.448
    ],
    "spartanweaponry:scythe_copper": [
      1355,
      -2.84
    ],
    "spartanweaponry:scythe_diamond": [
      903,
      0.776
    ],
    "spartanweaponry:scythe_electrum": [
      1348,
      -2.784
    ],
    "spartanweaponry:scythe_gold": [
      1440,
      -3.52
    ],
    "spartanweaponry:scythe_invar": [
      1264,
      -2.112
    ],
    "spartanweaponry:scythe_iron": [
      1327,
      -2.616
    ],
    "spartanweaponry:scythe_lead": [
      1330,
      -2.64
    ],
    "spartanweaponry:scythe_netherite": [
      728,
      2.176
    ],
    "spartanweaponry:scythe_nickel": [
      1342,
      -2.736
    ],
    "spartanweaponry:scythe_platinum": [
      1048,
      -0.384
    ],
    "spartanweaponry:scythe_silver": [
      1401,
      -3.208
    ],
    "spartanweaponry:scythe_steel": [
      1243,
      -1.944
    ],
    "spartanweaponry:scythe_stone": [
      1388,
      -3.104
    ],
    "spartanweaponry:scythe_tin": [
      1354,
      -2.832
    ],
    "spartanweaponry:scythe_wood": [
      1432,
      -3.456
    ],
    "spartanweaponry:spear_bronze": [
      1306,
      -2.448
    ],
    "spartanweaponry:spear_copper": [
      1355,
      -2.84
    ],
    "spartanweaponry:spear_diamond": [
      903,
      0.776
    ],
    "spartanweaponry:spear_electrum": [
      1348,
      -2.784
    ],
    "spartanweaponry:spear_gold": [
      1440,
      -3.52
    ],
    "spartanweaponry:spear_invar": [
      1264,
      -2.112
    ],
    "spartanweaponry:spear_iron": [
      1327,
      -2.616
    ],
    "spartanweaponry:spear_lead": [
      1330,
      -2.64
    ],
    "spartanweaponry:spear_netherite": [
      728,
      2.176
    ],
    "spartanweaponry:spear_nickel": [
      1342,
      -2.736
    ],
    "spartanweaponry:spear_platinum": [
      1048,
      -0.384
    ],
    "spartanweaponry:spear_silver": [
      1401,
      -3.208
    ],
    "spartanweaponry:spear_steel": [
      1243,
      -1.944
    ],
    "spartanweaponry:spear_stone": [
      1388,
      -3.104
    ],
    "spartanweaponry:spear_tin": [
      1354,
      -2.832
    ],
    "spartanweaponry:spear_wood": [
      1432,
      -3.456
    ],
    "spartanweaponry:warhammer_bronze": [
      1306,
      -2.448
    ],
    "spartanweaponry:warhammer_copper": [
      1355,
      -2.84
    ],
    "spartanweaponry:warhammer_diamond": [
      903,
      0.776
    ],
    "spartanweaponry:warhammer_electrum": [
      1348,
      -2.784
    ],
    "spartanweaponry:warhammer_gold": [
      1440,
      -3.52
    ],
    "spartanweaponry:warhammer_invar": [
      1264,
      -2.112
    ],
    "spartanweaponry:warhammer_iron": [
      1327,
      -2.616
    ],
    "spartanweaponry:warhammer_lead": [
      1330,
      -2.64
    ],
    "spartanweaponry:warhammer_netherite": [
      728,
      2.176
    ],
    "spartanweaponry:warhammer_nickel": [
      1342,
      -2.736
    ],
    "spartanweaponry:warhammer_platinum": [
      1048,
      -0.384
    ],
    "spartanweaponry:warhammer_silver": [
      1401,
      -3.208
    ],
    "spartanweaponry:warhammer_steel": [
      1243,
      -1.944
    ],
    "spartanweaponry:warhammer_stone": [
      1388,
      -3.104
    ],
    "spartanweaponry:warhammer_tin": [
      1354,
      -2.832
    ],
    "spartanweaponry:warhammer_wood": [
      1432,
      -3.456
    ],
    "twilightforest:ender_bow": [
      1108,
      0.0
    ],
    "twilightforest:fiery_sword": [
      904,
      0.768
    ],
    "twilightforest:giant_sword": [
      680,
      2.56
    ],
    "twilightforest:glass_sword": [
      1,
      26.976
    ],
    "twilightforest:ice_bow": [
      1108,
      0.0
    ],
    "twilightforest:ice_sword": [
      1225,
      -1.8
    ],
    "twilightforest:ironwood_axe": [
      1206,
      -1.648
    ],
    "twilightforest:ironwood_sword": [
      1146,
      -1.168
    ],
    "twilightforest:knightmetal_axe": [
      1160,
      -1.28
    ],
    "twilightforest:knightmetal_sword": [
      1104,
      -0.832
    ],
    "twilightforest:minotaur_axe": [
      1055,
      -0.44
    ],
    "twilightforest:minotaur_axe_gold": [
      1334,
      -2.672
    ],
    "twilightforest:seeker_bow": [
      1108,
      0.0
    ],
    "twilightforest:steeleaf_axe": [
      1198,
      -1.584
    ],
    "twilightforest:steeleaf_sword": [
      1218,
      -1.744
    ],
    "twilightforest:triple_bow": [
      1108,
      0.0
    ]
  },
  "OFFHAND": {
    "mekanismtools:bronze_shield": [
      1350,
      0.0
    ],
    "mekanismtools:lapis_lazuli_shield": [
      1350,
      0.0
    ],
    "mekanismtools:osmium_shield": [
      1350,
      0.0
    ],
    "mekanismtools:refined_glowstone_shield": [
      1350,
      0.0
    ],
    "mekanismtools:refined_obsidian_shield": [
      1350,
      0.0
    ],
    "mekanismtools:steel_shield": [
      1350,
      0.0
    ],
    "minecraft:ender_pearl": [
      1100,
      0.0
    ],
    "minecraft:flint_and_steel": [
      1200,
      0.0
    ],
    "minecraft:lava_bucket": [
      900,
      0.0
    ],
    "minecraft:shield": [
      1350,
      0.0
    ],
    "spartanshields:shield_basic_bronze": [
      1350,
      0.0
    ],
    "spartanshields:shield_basic_constantan": [
      1350,
      0.0
    ],
    "spartanshields:shield_basic_copper": [
      1350,
      0.0
    ],
    "spartanshields:shield_basic_diamond": [
      1350,
      0.0
    ],
    "spartanshields:shield_basic_electrum": [
      1350,
      0.0
    ],
    "spartanshields:shield_basic_gold": [
      1350,
      0.0
    ],
    "spartanshields:shield_basic_invar": [
      1350,
      0.0
    ],
    "spartanshields:shield_basic_iron": [
      1350,
      0.0
    ],
    "spartanshields:shield_basic_lead": [
      1350,
      0.0
    ],
    "spartanshields:shield_basic_netherite": [
      1350,
      0.0
    ],
    "spartanshields:shield_basic_nickel": [
      1350,
      0.0
    ],
    "spartanshields:shield_basic_obsidian": [
      1350,
      0.0
    ],
    "spartanshields:shield_basic_platinum": [
      1350,
      0.0
    ],
    "spartanshields:shield_basic_silver": [
      1350,
      0.0
    ],
    "spartanshields:shield_basic_steel": [
      1350,
      0.0
    ],
    "spartanshields:shield_basic_stone": [
      1350,
      0.0
    ],
    "spartanshields:shield_basic_tin": [
      1350,
      0.0
    ],
    "spartanshields:shield_basic_wood": [
      1350,
      0.0
    ],
    "spartanshields:shield_botania_elementium": [
      1350,
      0.0
    ],
    "spartanshields:shield_botania_manasteel": [
      1350,
      0.0
    ],
    "spartanshields:shield_botania_terrasteel": [
      1350,
      0.0
    ],
    "spartanshields:shield_mekanism_lapis_lazuli": [
      1350,
      0.0
    ],
    "spartanshields:shield_mekanism_osmium": [
      1350,
      0.0
    ],
    "spartanshields:shield_mekanism_powered_advanced": [
      1350,
      0.0
    ],
    "spartanshields:shield_mekanism_powered_basic": [
      1350,
      0.0
    ],
    "spartanshields:shield_mekanism_powered_elite": [
      1350,
      0.0
    ],
    "spartanshields:shield_mekanism_powered_ultimate": [
      1350,
      0.0
    ],
    "spartanshields:shield_mekanism_refined_glowstone": [
      1350,
      0.0
    ],
    "spartanshields:shield_mekanism_refined_obsidian": [
      1350,
      0.0
    ],
    "spartanshields:shield_tower_bronze": [
      1350,
      0.0
    ],
    "spartanshields:shield_tower_constantan": [
      1350,
      0.0
    ],
    "spartanshields:shield_tower_copper": [
      1350,
      0.0
    ],
    "spartanshields:shield_tower_diamond": [
      1350,
      0.0
    ],
    "spartanshields:shield_tower_electrum": [
      1350,
      0.0
    ],
    "spartanshields:shield_tower_gold": [
      1350,
      0.0
    ],
    "spartanshields:shield_tower_invar": [
      1350,
      0.0
    ],
    "spartanshields:shield_tower_iron": [
      1350,
      0.0
    ],
    "spartanshields:shield_tower_lead": [
      1350,
      0.0
    ],
    "spartanshields:shield_tower_netherite": [
      1350,
      0.0
    ],
    "spartanshields:shield_tower_nickel": [
      1350,
      0.0
    ],
    "spartanshields:shield_tower_obsidian": [
      1350,
      0.0
    ],
    "spartanshields:shield_tower_platinum": [
      1350,
      0.0
    ],
    "spartanshields:shield_tower_silver": [
      1350,
      0.0
    ],
    "spartanshields:shield_tower_steel": [
      1350,
      0.0
    ],
    "spartanshields:shield_tower_stone": [
      1350,
      0.0
    ],
    "spartanshields:shield_tower_tin": [
      1350,
      0.0
    ],
    "spartanshields:shield_tower_wood": [
      1350,
      0.0
    ],
    "twilightforest:knightmetal_shield": [
      1350,
      0.0
    ]
  },
  "FEET": {
    "aquaculture:neptunium_boots": [
      19,
      7.848
    ],
    "armoroverhaul:andesite_armor_boots": [
      1284,
      -2.272
    ],
    "armoroverhaul:apple_armor_boots": [
      1299,
      -2.392
    ],
    "armoroverhaul:beacon_armor_boots": [
      1,
      31.6
    ],
    "armoroverhaul:bee_armor_boots": [
      1377,
      -3.016
    ],
    "armoroverhaul:blackstone_armor_boots": [
      1284,
      -2.272
    ],
    "armoroverhaul:blaze_armor_boots": [
      220,
      6.24
    ],
    "armoroverhaul:bone_armor_boots": [
      1007,
      -0.056
    ],
    "armoroverhaul:cactus_armor_boots": [
      1057,
      -0.456
    ],
    "armoroverhaul:coal_armor_boots": [
      883,
      0.936
    ],
    "armoroverhaul:conduit_armor_boots": [
      354,
      5.168
    ],
    "armoroverhaul:creeper_armor_boots": [
      889,
      0.888
    ],
    "armoroverhaul:debris_armor_boots": [
      256,
      5.952
    ],
    "armoroverhaul:diorite_armor_boots": [
      1284,
      -2.272
    ],
    "armoroverhaul:dirt_armor_boots": [
      1434,
      -3.472
    ],
    "armoroverhaul:dragon_armor_boots": [
      1,
      84.008
    ],
    "armoroverhaul:enchanted_armor_boots": [
      1195,
      -1.56
    ],
    "armoroverhaul:ender_armor_boots": [
      87,
      7.304
    ],
    "armoroverhaul:endstone_armor_boots": [
      750,
      2.0
    ],
    "armoroverhaul:fish_armor_boots": [
      1352,
      -2.816
    ],
    "armoroverhaul:ghast_armor_boots": [
      744,
      2.048
    ],
    "armoroverhaul:glass_armor_boots": [
      1340,
      -2.72
    ],
    "armoroverhaul:granite_armor_boots": [
      1284,
      -2.272
    ],
    "armoroverhaul:ice_armor_boots": [
      1167,
      -1.336
    ],
    "armoroverhaul:lapis_armor_boots": [
      750,
      2.0
    ],
    "armoroverhaul:leaf_armor_boots": [
      1390,
      -3.12
    ],
    "armoroverhaul:magma_armor_boots": [
      382,
      4.944
    ],
    "armoroverhaul:mushroom_armor_boots": [
      1241,
      -1.928
    ],
    "armoroverhaul:netherrack_armor_boots": [
      1367,
      -2.936
    ],
    "armoroverhaul:notch_armor_boots": [
      133,
      6.936
    ],
    "armoroverhaul:obsidian_armor_boots": [
      1,
      11.008
    ],
    "armoroverhaul:pig_armor_boots": [
      774,
      1.808
    ],
    "armoroverhaul:redstone_armor_boots": [
      1168,
      -1.344
    ],
    "armoroverhaul:reinforced_diamond_armor_boots": [
      1,
      14.72
    ],
    "armoroverhaul:sand_armor_boots": [
      1439,
      -3.512
    ],
    "armoroverhaul:sandstone_armor_boots": [
      1284,
      -2.272
    ],
    "armoroverhaul:shulker_armor_boots": [
      371,
      5.032
    ],
    "armoroverhaul:slime_armor_boots": [
      1,
      25.88
    ],
    "armoroverhaul:sponge_armor_boots": [
      851,
      1.192
    ],
    "armoroverhaul:stone_armor_boots": [
      1284,
      -2.272
    ],
    "armoroverhaul:tnt_armor_boots": [
      1259,
      -2.072
    ],
    "armoroverhaul:turtle_armor_boots": [
      1007,
      -0.056
    ],
    "armoroverhaul:villager_armor_boots": [
      716,
      2.272
    ],
    "armoroverhaul:wither_armor_boots": [
      1,
      53.28
    ],
    "armoroverhaul:wooden_armor_boots": [
      1360,
      -2.88
    ],
    "armoroverhaul:zombie_armor_boots": [
      1279,
      -2.232
    ],
    "byg:ametrine_boots": [
      1,
      12.312
    ],
    "cataclysm:ignitium_boots": [
      1,
      14.144
    ],
    "constructsarmory:material_armor_boots": [
      1498,
      -3.984
    ],
    "create:diving_boots": [
      1141,
      -1.128
    ],
    "cyclic:crystal_boots": [
      1,
      36.832
    ],
    "cyclic:emerald_boots": [
      1,
      13.16
    ],
    "dicemcta:gilded_diamond_boots": [
      33,
      7.736
    ],
    "dicemcta:gilded_netherite_boots": [
      1,
      8.592
    ],
    "dicemcta:wood_boots": [
      1325,
      -2.6
    ],
    "endrem:end_crystal_boots": [
      43,
      7.656
    ],
    "extraarmor:acacia_wood_boots": [
      1345,
      -2.76
    ],
    "extraarmor:birch_wood_boots": [
      1345,
      -2.76
    ],
    "extraarmor:bone_boots": [
      741,
      2.072
    ],
    "extraarmor:cactus_boots": [
      1253,
      -2.024
    ],
    "extraarmor:crying_obsidian_boots": [
      502,
      3.984
    ],
    "extraarmor:dark_oak_wood_boots": [
      1345,
      -2.76
    ],
    "extraarmor:emerald_boots": [
      581,
      3.352
    ],
    "extraarmor:ender_boots": [
      914,
      0.688
    ],
    "extraarmor:feather_boots": [
      1118,
      -0.944
    ],
    "extraarmor:ghost_boots": [
      147,
      6.824
    ],
    "extraarmor:glowstone_boots": [
      549,
      3.608
    ],
    "extraarmor:honeycomb_boots": [
      1194,
      -1.552
    ],
    "extraarmor:ice_boots": [
      1183,
      -1.464
    ],
    "extraarmor:jungle_wood_boots": [
      1345,
      -2.76
    ],
    "extraarmor:lapis_boots": [
      1102,
      -0.816
    ],
    "extraarmor:magma_boots": [
      1107,
      -0.856
    ],
    "extraarmor:melon_boots": [
      1253,
      -2.024
    ],
    "extraarmor:molten_boots": [
      592,
      3.264
    ],
    "extraarmor:oak_wood_boots": [
      1345,
      -2.76
    ],
    "extraarmor:obsidian_boots": [
      502,
      3.984
    ],
    "extraarmor:phantom_boots": [
      889,
      0.888
    ],
    "extraarmor:prismarine_crystal_boots": [
      468,
      4.256
    ],
    "extraarmor:prismarine_shard_boots": [
      468,
      4.256
    ],
    "extraarmor:pumpkin_boots": [
      1253,
      -2.024
    ],
    "extraarmor:quartz_boots": [
      1073,
      -0.584
    ],
    "extraarmor:slime_boots": [
      1036,
      -0.288
    ],
    "extraarmor:snow_boots": [
      1345,
      -2.76
    ],
    "extraarmor:spruce_wood_boots": [
      1345,
      -2.76
    ],
    "immersiveengineering:armor_faraday_feet": [
      1366,
      -2.928
    ],
    "immersiveengineering:armor_steel_feet": [
      505,
      3.96
    ],
    "mekanism:free_runners": [
      1500,
      -4.0
    ],
    "mekanism:hazmat_boots": [
      1500,
      -4.0
    ],
    "mekanism:mekasuit_boots": [
      98,
      7.216
    ],
    "mekanismtools:bronze_boots": [
      455,
      4.36
    ],
    "mekanismtools:lapis_lazuli_boots": [
      1145,
      -1.16
    ],
    "mekanismtools:osmium_boots": [
      1,
      8.632
    ],
    "mekanismtools:refined_glowstone_boots": [
      281,
      5.752
    ],
    "mekanismtools:refined_obsidian_boots": [
      1,
      24.896
    ],
    "mekanismtools:steel_boots": [
      201,
      6.392
    ],
    "minecolonies:pirate_boots": [
      88,
      7.296
    ],
    "minecolonies:pirate_shoes": [
      487,
      4.104
    ],
    "minecolonies:plate_armor_boots": [
      1,
      9.792
    ],
    "minecraft:chainmail_boots": [
      1098,
      -0.784
    ],
    "minecraft:diamond_boots": [
      444,
      4.448
    ],
    "minecraft:golden_boots": [
      1201,
      -1.608
    ],
    "minecraft:iron_boots": [
      954,
      0.368
    ],
    "minecraft:leather_boots": [
      1356,
      -2.848
    ],
    "minecraft:netherite_boots": [
      361,
      5.112
    ],
    "savageandravage:griefer_boots": [
      732,
      2.144
    ],
    "simpledivegear:diveboots": [
      1500,
      -4.0
    ],
    "simpledivegear:netherdiveboots": [
      1500,
      -4.0
    ],
    "survive:stiffened_honey_boots": [
      1447,
      -3.576
    ],
    "survive:wool_boots": [
      1447,
      -3.576
    ],
    "tconstruct:plate_boots": [
      1498,
      -3.984
    ],
    "tconstruct:slime_boots": [
      1498,
      -3.984
    ],
    "tconstruct:travelers_boots": [
      1498,
      -3.984
    ],
    "thermal:beekeeper_boots": [
      1313,
      -2.504
    ],
    "thermal:diving_boots": [
      976,
      0.192
    ],
    "thermal:hazmat_boots": [
      1055,
      -0.44
    ],
    "twilightforest:arctic_boots": [
      688,
      2.496
    ],
    "twilightforest:fiery_boots": [
      1,
      10.144
    ],
    "twilightforest:ironwood_boots": [
      606,
      3.152
    ],
    "twilightforest:knightmetal_boots": [
      245,
      6.04
    ],
    "twilightforest:steeleaf_boots": [
      378,
      4.976
    ],
    "twilightforest:yeti_boots": [
      143,
      6.856
    ]
  },
  "LEGS": {
    "aquaculture:neptunium_leggings": [
      19,
      7.848
    ],
    "armoroverhaul:andesite_armor_leggings": [
      1284,
      -2.272
    ],
    "armoroverhaul:apple_armor_leggings": [
      1299,
      -2.392
    ],
    "armoroverhaul:beacon_armor_leggings": [
      1,
      31.6
    ],
    "armoroverhaul:bee_armor_leggings": [
      1377,
      -3.016
    ],
    "armoroverhaul:blackstone_armor_leggings": [
      1284,
      -2.272
    ],
    "armoroverhaul:blaze_armor_leggings": [
      220,
      6.24
    ],
    "armoroverhaul:bone_armor_leggings": [
      1007,
      -0.056
    ],
    "armoroverhaul:cactus_armor_leggings": [
      1057,
      -0.456
    ],
    "armoroverhaul:coal_armor_leggings": [
      883,
      0.936
    ],
    "armoroverhaul:conduit_armor_leggings": [
      354,
      5.168
    ],
    "armoroverhaul:creeper_armor_leggings": [
      889,
      0.888
    ],
    "armoroverhaul:debris_armor_leggings": [
      256,
      5.952
    ],
    "armoroverhaul:diorite_armor_leggings": [
      1284,
      -2.272
    ],
    "armoroverhaul:dirt_armor_leggings": [
      1434,
      -3.472
    ],
    "armoroverhaul:dragon_armor_leggings": [
      1,
      84.008
    ],
    "armoroverhaul:enchanted_armor_leggings": [
      1195,
      -1.56
    ],
    "armoroverhaul:ender_armor_leggings": [
      87,
      7.304
    ],
    "armoroverhaul:endstone_armor_leggings": [
      750,
      2.0
    ],
    "armoroverhaul:fish_armor_leggings": [
      1352,
      -2.816
    ],
    "armoroverhaul:ghast_armor_leggings": [
      744,
      2.048
    ],
    "armoroverhaul:glass_armor_leggings": [
      1340,
      -2.72
    ],
    "armoroverhaul:granite_armor_leggings": [
      1284,
      -2.272
    ],
    "armoroverhaul:ice_armor_leggings": [
      1167,
      -1.336
    ],
    "armoroverhaul:lapis_armor_leggings": [
      750,
      2.0
    ],
    "armoroverhaul:leaf_armor_leggings": [
      1390,
      -3.12
    ],
    "armoroverhaul:magma_armor_leggings": [
      382,
      4.944
    ],
    "armoroverhaul:mushroom_armor_leggings": [
      1241,
      -1.928
    ],
    "armoroverhaul:netherrack_armor_leggings": [
      1367,
      -2.936
    ],
    "armoroverhaul:notch_armor_leggings": [
      133,
      6.936
    ],
    "armoroverhaul:obsidian_armor_leggings": [
      1,
      11.008
    ],
    "armoroverhaul:pig_armor_leggings": [
      774,
      1.808
    ],
    "armoroverhaul:redstone_armor_leggings": [
      1168,
      -1.344
    ],
    "armoroverhaul:reinforced_diamond_armor_leggings": [
      1,
      14.72
    ],
    "armoroverhaul:sand_armor_leggings": [
      1439,
      -3.512
    ],
    "armoroverhaul:sandstone_armor_leggings": [
      1284,
      -2.272
    ],
    "armoroverhaul:shulker_armor_leggings": [
      371,
      5.032
    ],
    "armoroverhaul:slime_armor_leggings": [
      1,
      25.88
    ],
    "armoroverhaul:sponge_armor_leggings": [
      851,
      1.192
    ],
    "armoroverhaul:stone_armor_leggings": [
      1284,
      -2.272
    ],
    "armoroverhaul:tnt_armor_leggings": [
      1259,
      -2.072
    ],
    "armoroverhaul:turtle_armor_leggings": [
      1007,
      -0.056
    ],
    "armoroverhaul:villager_armor_leggings": [
      716,
      2.272
    ],
    "armoroverhaul:wither_armor_leggings": [
      1,
      53.28
    ],
    "armoroverhaul:wooden_armor_leggings": [
      1360,
      -2.88
    ],
    "armoroverhaul:zombie_armor_leggings": [
      1279,
      -2.232
    ],
    "byg:ametrine_leggings": [
      1,
      12.312
    ],
    "cataclysm:ignitium_leggings": [
      1,
      14.144
    ],
    "constructsarmory:material_armor_leggings": [
      1498,
      -3.984
    ],
    "cyclic:crystal_leggings": [
      1,
      36.832
    ],
    "cyclic:emerald_leggings": [
      1,
      13.16
    ],
    "dicemcta:gilded_diamond_leggings": [
      33,
      7.736
    ],
    "dicemcta:gilded_netherite_leggings": [
      1,
      8.592
    ],
    "dicemcta:wood_leggings": [
      1325,
      -2.6
    ],
    "endrem:end_crystal_leggings": [
      43,
      7.656
    ],
    "extraarmor:acacia_wood_leggings": [
      1345,
      -2.76
    ],
    "extraarmor:birch_wood_leggings": [
      1345,
      -2.76
    ],
    "extraarmor:bone_leggings": [
      741,
      2.072
    ],
    "extraarmor:cactus_leggings": [
      1253,
      -2.024
    ],
    "extraarmor:crying_obsidian_leggings": [
      502,
      3.984
    ],
    "extraarmor:dark_oak_wood_leggings": [
      1345,
      -2.76
    ],
    "extraarmor:emerald_leggings": [
      581,
      3.352
    ],
    "extraarmor:ender_leggings": [
      914,
      0.688
    ],
    "extraarmor:feather_leggings": [
      1118,
      -0.944
    ],
    "extraarmor:ghost_leggings": [
      147,
      6.824
    ],
    "extraarmor:glowstone_leggings": [
      549,
      3.608
    ],
    "extraarmor:honeycomb_leggings": [
      1194,
      -1.552
    ],
    "extraarmor:ice_leggings": [
      1183,
      -1.464
    ],
    "extraarmor:jungle_wood_leggings": [
      1345,
      -2.76
    ],
    "extraarmor:lapis_leggings": [
      1102,
      -0.816
    ],
    "extraarmor:magma_leggings": [
      1107,
      -0.856
    ],
    "extraarmor:melon_leggings": [
      1253,
      -2.024
    ],
    "extraarmor:molten_leggings": [
      592,
      3.264
    ],
    "extraarmor:oak_wood_leggings": [
      1345,
      -2.76
    ],
    "extraarmor:obsidian_leggings": [
      502,
      3.984
    ],
    "extraarmor:phantom_leggings": [
      889,
      0.888
    ],
    "extraarmor:prismarine_crystal_leggings": [
      468,
      4.256
    ],
    "extraarmor:prismarine_shard_leggings": [
      468,
      4.256
    ],
    "extraarmor:pumpkin_leggings": [
      1253,
      -2.024
    ],
    "extraarmor:quartz_leggings": [
      1073,
      -0.584
    ],
    "extraarmor:slime_leggings": [
      1036,
      -0.288
    ],
    "extraarmor:snow_leggings": [
      1345,
      -2.76
    ],
    "extraarmor:spruce_wood_leggings": [
      1345,
      -2.76
    ],
    "immersiveengineering:armor_faraday_legs": [
      1366,
      -2.928
    ],
    "immersiveengineering:armor_steel_legs": [
      505,
      3.96
    ],
    "mekanism:hazmat_pants": [
      1500,
      -4.0
    ],
    "mekanism:mekasuit_pants": [
      98,
      7.216
    ],
    "mekanismtools:bronze_leggings": [
      455,
      4.36
    ],
    "mekanismtools:lapis_lazuli_leggings": [
      1145,
      -1.16
    ],
    "mekanismtools:osmium_leggings": [
      1,
      8.632
    ],
    "mekanismtools:refined_glowstone_leggings": [
      281,
      5.752
    ],
    "mekanismtools:refined_obsidian_leggings": [
      1,
      24.896
    ],
    "mekanismtools:steel_leggings": [
      201,
      6.392
    ],
    "minecolonies:pirate_leggins": [
      88,
      7.296
    ],
    "minecolonies:pirate_legs": [
      487,
      4.104
    ],
    "minecolonies:plate_armor_legs": [
      1,
      9.792
    ],
    "minecraft:chainmail_leggings": [
      1098,
      -0.784
    ],
    "minecraft:diamond_leggings": [
      444,
      4.448
    ],
    "minecraft:golden_leggings": [
      1201,
      -1.608
    ],
    "minecraft:iron_leggings": [
      954,
      0.368
    ],
    "minecraft:leather_leggings": [
      1356,
      -2.848
    ],
    "minecraft:netherite_leggings": [
      361,
      5.112
    ],
    "savageandravage:griefer_leggings": [
      732,
      2.144
    ],
    "simpledivegear:divelegs": [
      1500,
      -4.0
    ],
    "simpledivegear:netherdivelegs": [
      1500,
      -4.0
    ],
    "survive:stiffened_honey_leggings": [
      1447,
      -3.576
    ],
    "survive:wool_pants": [
      1447,
      -3.576
    ],
    "tconstruct:plate_leggings": [
      1498,
      -3.984
    ],
    "tconstruct:slime_leggings": [
      1498,
      -3.984
    ],
    "tconstruct:travelers_leggings": [
      1498,
      -3.984
    ],
    "thermal:beekeeper_leggings": [
      1313,
      -2.504
    ],
    "thermal:diving_leggings": [
      976,
      0.192
    ],
    "thermal:hazmat_leggings": [
      1055,
      -0.44
    ],
    "twilightforest:arctic_leggings": [
      688,
      2.496
    ],
    "twilightforest:fiery_leggings": [
      1,
      10.144
    ],
    "twilightforest:ironwood_leggings": [
      606,
      3.152
    ],
    "twilightforest:knightmetal_leggings": [
      245,
      6.04
    ],
    "twilightforest:naga_leggings": [
      423,
      4.616
    ],
    "twilightforest:steeleaf_leggings": [
      378,
      4.976
    ],
    "twilightforest:yeti_leggings": [
      143,
      6.856
    ]
  },
  "CHEST": {
    "aquaculture:neptunium_chestplate": [
      19,
      7.848
    ],
    "armoroverhaul:andesite_armor_chestplate": [
      1284,
      -2.272
    ],
    "armoroverhaul:apple_armor_chestplate": [
      1299,
      -2.392
    ],
    "armoroverhaul:beacon_armor_chestplate": [
      1,
      31.6
    ],
    "armoroverhaul:bee_armor_chestplate": [
      1377,
      -3.016
    ],
    "armoroverhaul:blackstone_armor_chestplate": [
      1284,
      -2.272
    ],
    "armoroverhaul:blaze_armor_chestplate": [
      220,
      6.24
    ],
    "armoroverhaul:bone_armor_chestplate": [
      1007,
      -0.056
    ],
    "armoroverhaul:cactus_armor_chestplate": [
      1057,
      -0.456
    ],
    "armoroverhaul:coal_armor_chestplate": [
      883,
      0.936
    ],
    "armoroverhaul:conduit_armor_chestplate": [
      354,
      5.168
    ],
    "armoroverhaul:creeper_armor_chestplate": [
      889,
      0.888
    ],
    "armoroverhaul:debris_armor_chestplate": [
      256,
      5.952
    ],
    "armoroverhaul:diorite_armor_chestplate": [
      1284,
      -2.272
    ],
    "armoroverhaul:dirt_armor_chestplate": [
      1434,
      -3.472
    ],
    "armoroverhaul:dragon_armor_chestplate": [
      1,
      84.008
    ],
    "armoroverhaul:enchanted_armor_chestplate": [
      1195,
      -1.56
    ],
    "armoroverhaul:ender_armor_chestplate": [
      87,
      7.304
    ],
    "armoroverhaul:endstone_armor_chestplate": [
      750,
      2.0
    ],
    "armoroverhaul:fish_armor_chestplate": [
      1352,
      -2.816
    ],
    "armoroverhaul:ghast_armor_chestplate": [
      744,
      2.048
    ],
    "armoroverhaul:glass_armor_chestplate": [
      1340,
      -2.72
    ],
    "armoroverhaul:granite_armor_chestplate": [
      1284,
      -2.272
    ],
    "armoroverhaul:ice_armor_chestplate": [
      1167,
      -1.336
    ],
    "armoroverhaul:lapis_armor_chestplate": [
      750,
      2.0
    ],
    "armoroverhaul:leaf_armor_chestplate": [
      1390,
      -3.12
    ],
    "armoroverhaul:magma_armor_chestplate": [
      382,
      4.944
    ],
    "armoroverhaul:mushroom_armor_chestplate": [
      1241,
      -1.928
    ],
    "armoroverhaul:netherrack_armor_chestplate": [
      1367,
      -2.936
    ],
    "armoroverhaul:notch_armor_chestplate": [
      133,
      6.936
    ],
    "armoroverhaul:obsidian_armor_chestplate": [
      1,
      11.008
    ],
    "armoroverhaul:pig_armor_chestplate": [
      774,
      1.808
    ],
    "armoroverhaul:redstone_armor_chestplate": [
      1168,
      -1.344
    ],
    "armoroverhaul:reinforced_diamond_armor_chestplate": [
      1,
      14.72
    ],
    "armoroverhaul:sand_armor_chestplate": [
      1439,
      -3.512
    ],
    "armoroverhaul:sandstone_armor_chestplate": [
      1284,
      -2.272
    ],
    "armoroverhaul:shulker_armor_chestplate": [
      371,
      5.032
    ],
    "armoroverhaul:slime_armor_chestplate": [
      1,
      25.88
    ],
    "armoroverhaul:sponge_armor_chestplate": [
      851,
      1.192
    ],
    "armoroverhaul:stone_armor_chestplate": [
      1284,
      -2.272
    ],
    "armoroverhaul:tnt_armor_chestplate": [
      1259,
      -2.072
    ],
    "armoroverhaul:turtle_armor_chestplate": [
      1007,
      -0.056
    ],
    "armoroverhaul:villager_armor_chestplate": [
      716,
      2.272
    ],
    "armoroverhaul:wither_armor_chestplate": [
      1,
      53.28
    ],
    "armoroverhaul:wooden_armor_chestplate": [
      1360,
      -2.88
    ],
    "armoroverhaul:zombie_armor_chestplate": [
      1279,
      -2.232
    ],
    "betteranimalsplus:bear_cape_black": [
      1056,
      -0.448
    ],
    "betteranimalsplus:bear_cape_brown": [
      1056,
      -0.448
    ],
    "betteranimalsplus:bear_cape_kermode": [
      1056,
      -0.448
    ],
    "betteranimalsplus:wolf_cape_arctic": [
      1056,
      -0.448
    ],
    "betteranimalsplus:wolf_cape_black": [
      1056,
      -0.448
    ],
    "betteranimalsplus:wolf_cape_brown": [
      1056,
      -0.448
    ],
    "betteranimalsplus:wolf_cape_classic": [
      1056,
      -0.448
    ],
    "betteranimalsplus:wolf_cape_red": [
      1056,
      -0.448
    ],
    "betteranimalsplus:wolf_cape_timber": [
      1056,
      -0.448
    ],
    "byg:ametrine_chestplate": [
      1,
      12.312
    ],
    "cataclysm:ignitium_chestplate": [
      1,
      14.144
    ],
    "cataclysm:ignitium_elytra_chestplate": [
      1,
      14.144
    ],
    "constructsarmory:material_armor_chestplate": [
      1498,
      -3.984
    ],
    "create:copper_backtank": [
      1042,
      -0.336
    ],
    "cyclic:crystal_chestplate": [
      1,
      36.832
    ],
    "cyclic:emerald_chestplate": [
      1,
      13.16
    ],
    "dicemcta:gilded_diamond_chestplate": [
      33,
      7.736
    ],
    "dicemcta:gilded_netherite_chestplate": [
      1,
      8.592
    ],
    "dicemcta:wood_chestplate": [
      1325,
      -2.6
    ],
    "endrem:end_crystal_chestplate": [
      43,
      7.656
    ],
    "extraarmor:acacia_wood_chestplate": [
      1345,
      -2.76
    ],
    "extraarmor:birch_wood_chestplate": [
      1345,
      -2.76
    ],
    "extraarmor:bone_chestplate": [
      741,
      2.072
    ],
    "extraarmor:cactus_chestplate": [
      1253,
      -2.024
    ],
    "extraarmor:crying_obsidian_chestplate": [
      502,
      3.984
    ],
    "extraarmor:dark_oak_wood_chestplate": [
      1345,
      -2.76
    ],
    "extraarmor:emerald_chestplate": [
      581,
      3.352
    ],
    "extraarmor:ender_chestplate": [
      914,
      0.688
    ],
    "extraarmor:feather_chestplate": [
      1118,
      -0.944
    ],
    "extraarmor:ghost_chestplate": [
      147,
      6.824
    ],
    "extraarmor:glowstone_chestplate": [
      549,
      3.608
    ],
    "extraarmor:honeycomb_chestplate": [
      1194,
      -1.552
    ],
    "extraarmor:ice_chestplate": [
      1183,
      -1.464
    ],
    "extraarmor:jungle_wood_chestplate": [
      1345,
      -2.76
    ],
    "extraarmor:lapis_chestplate": [
      1102,
      -0.816
    ],
    "extraarmor:magma_chestplate": [
      1107,
      -0.856
    ],
    "extraarmor:melon_chestplate": [
      1253,
      -2.024
    ],
    "extraarmor:molten_chestplate": [
      592,
      3.264
    ],
    "extraarmor:oak_wood_chestplate": [
      1345,
      -2.76
    ],
    "extraarmor:obsidian_chestplate": [
      502,
      3.984
    ],
    "extraarmor:phantom_chestplate": [
      889,
      0.888
    ],
    "extraarmor:prismarine_crystal_chestplate": [
      468,
      4.256
    ],
    "extraarmor:prismarine_shard_chestplate": [
      468,
      4.256
    ],
    "extraarmor:pumpkin_chestplate": [
      1253,
      -2.024
    ],
    "extraarmor:quartz_chestplate": [
      1073,
      -0.584
    ],
    "extraarmor:slime_chestplate": [
      1036,
      -0.288
    ],
    "extraarmor:snow_chestplate": [
      1345,
      -2.76
    ],
    "extraarmor:spruce_wood_chestplate": [
      1345,
      -2.76
    ],
    "immersiveengineering:armor_faraday_chest": [
      1366,
      -2.928
    ],
    "immersiveengineering:armor_steel_chest": [
      505,
      3.96
    ],
    "ironjetpacks:bronze_jetpack": [
      1033,
      -0.264
    ],
    "ironjetpacks:copper_jetpack": [
      1282,
      -2.256
    ],
    "ironjetpacks:creative_jetpack": [
      1,
      21.904
    ],
    "ironjetpacks:diamond_jetpack": [
      677,
      2.584
    ],
    "ironjetpacks:electrum_jetpack": [
      1274,
      -2.192
    ],
    "ironjetpacks:emerald_jetpack": [
      671,
      2.632
    ],
    "ironjetpacks:gold_jetpack": [
      1265,
      -2.12
    ],
    "ironjetpacks:invar_jetpack": [
      1025,
      -0.2
    ],
    "ironjetpacks:iron_jetpack": [
      1033,
      -0.264
    ],
    "ironjetpacks:platinum_jetpack": [
      675,
      2.6
    ],
    "ironjetpacks:silver_jetpack": [
      1029,
      -0.232
    ],
    "ironjetpacks:steel_jetpack": [
      1025,
      -0.2
    ],
    "ironjetpacks:stone_jetpack": [
      1282,
      -2.256
    ],
    "ironjetpacks:wood_jetpack": [
      1430,
      -3.44
    ],
    "mekanism:hazmat_gown": [
      1500,
      -4.0
    ],
    "mekanism:jetpack": [
      1500,
      -4.0
    ],
    "mekanism:jetpack_armored": [
      1236,
      -1.888
    ],
    "mekanism:mekasuit_bodyarmor": [
      98,
      7.216
    ],
    "mekanism:scuba_tank": [
      1500,
      -4.0
    ],
    "mekanismtools:bronze_chestplate": [
      455,
      4.36
    ],
    "mekanismtools:lapis_lazuli_chestplate": [
      1145,
      -1.16
    ],
    "mekanismtools:osmium_chestplate": [
      1,
      8.632
    ],
    "mekanismtools:refined_glowstone_chestplate": [
      281,
      5.752
    ],
    "mekanismtools:refined_obsidian_chestplate": [
      1,
      24.896
    ],
    "mekanismtools:steel_chestplate": [
      201,
      6.392
    ],
    "minecolonies:pirate_chest": [
      487,
      4.104
    ],
    "minecolonies:pirate_top": [
      88,
      7.296
    ],
    "minecolonies:plate_armor_chest": [
      1,
      9.792
    ],
    "minecraft:chainmail_chestplate": [
      1098,
      -0.784
    ],
    "minecraft:diamond_chestplate": [
      444,
      4.448
    ],
    "minecraft:golden_chestplate": [
      1201,
      -1.608
    ],
    "minecraft:iron_chestplate": [
      954,
      0.368
    ],
    "minecraft:leather_chestplate": [
      1356,
      -2.848
    ],
    "minecraft:netherite_chestplate": [
      361,
      5.112
    ],
    "savageandravage:griefer_chestplate": [
      732,
      2.144
    ],
    "simpledivegear:divechest": [
      1500,
      -4.0
    ],
    "simpledivegear:netherdivechest": [
      1500,
      -4.0
    ],
    "survive:stiffened_honey_chestplate": [
      1447,
      -3.576
    ],
    "survive:wool_jacket": [
      1447,
      -3.576
    ],
    "tconstruct:plate_chestplate": [
      1498,
      -3.984
    ],
    "tconstruct:slime_chestplate": [
      1498,
      -3.984
    ],
    "tconstruct:travelers_chestplate": [
      1498,
      -3.984
    ],
    "thermal:beekeeper_chestplate": [
      1313,
      -2.504
    ],
    "thermal:diving_chestplate": [
      976,
      0.192
    ],
    "thermal:hazmat_chestplate": [
      1055,
      -0.44
    ],
    "twilightforest:arctic_chestplate": [
      688,
      2.496
    ],
    "twilightforest:fiery_chestplate": [
      1,
      10.144
    ],
    "twilightforest:ironwood_chestplate": [
      606,
      3.152
    ],
    "twilightforest:knightmetal_chestplate": [
      245,
      6.04
    ],
    "twilightforest:naga_chestplate": [
      423,
      4.616
    ],
    "twilightforest:phantom_chestplate": [
      60,
      7.52
    ],
    "twilightforest:steeleaf_chestplate": [
      378,
      4.976
    ],
    "twilightforest:yeti_chestplate": [
      143,
      6.856
    ]
  },
  "HEAD": {
    "aquaculture:neptunium_helmet": [
      19,
      7.848
    ],
    "armoroverhaul:andesite_armor_helmet": [
      1284,
      -2.272
    ],
    "armoroverhaul:apple_armor_helmet": [
      1299,
      -2.392
    ],
    "armoroverhaul:beacon_armor_helmet": [
      1,
      31.6
    ],
    "armoroverhaul:bee_armor_helmet": [
      1377,
      -3.016
    ],
    "armoroverhaul:blackstone_armor_helmet": [
      1284,
      -2.272
    ],
    "armoroverhaul:blaze_armor_helmet": [
      220,
      6.24
    ],
    "armoroverhaul:bone_armor_helmet": [
      1007,
      -0.056
    ],
    "armoroverhaul:cactus_armor_helmet": [
      1057,
      -0.456
    ],
    "armoroverhaul:coal_armor_helmet": [
      883,
      0.936
    ],
    "armoroverhaul:conduit_armor_helmet": [
      354,
      5.168
    ],
    "armoroverhaul:creeper_armor_helmet": [
      889,
      0.888
    ],
    "armoroverhaul:debris_armor_helmet": [
      256,
      5.952
    ],
    "armoroverhaul:diorite_armor_helmet": [
      1284,
      -2.272
    ],
    "armoroverhaul:dirt_armor_helmet": [
      1434,
      -3.472
    ],
    "armoroverhaul:dragon_armor_helmet": [
      1,
      84.008
    ],
    "armoroverhaul:enchanted_armor_helmet": [
      1195,
      -1.56
    ],
    "armoroverhaul:ender_armor_helmet": [
      87,
      7.304
    ],
    "armoroverhaul:endstone_armor_helmet": [
      750,
      2.0
    ],
    "armoroverhaul:fish_armor_helmet": [
      1352,
      -2.816
    ],
    "armoroverhaul:ghast_armor_helmet": [
      744,
      2.048
    ],
    "armoroverhaul:glass_armor_helmet": [
      1340,
      -2.72
    ],
    "armoroverhaul:granite_armor_helmet": [
      1284,
      -2.272
    ],
    "armoroverhaul:ice_armor_helmet": [
      1167,
      -1.336
    ],
    "armoroverhaul:lapis_armor_helmet": [
      750,
      2.0
    ],
    "armoroverhaul:leaf_armor_helmet": [
      1390,
      -3.12
    ],
    "armoroverhaul:magma_armor_helmet": [
      382,
      4.944
    ],
    "armoroverhaul:mushroom_armor_helmet": [
      1241,
      -1.928
    ],
    "armoroverhaul:netherrack_armor_helmet": [
      1367,
      -2.936
    ],
    "armoroverhaul:notch_armor_helmet": [
      133,
      6.936
    ],
    "armoroverhaul:obsidian_armor_helmet": [
      1,
      11.008
    ],
    "armoroverhaul:pig_armor_helmet": [
      774,
      1.808
    ],
    "armoroverhaul:redstone_armor_helmet": [
      1168,
      -1.344
    ],
    "armoroverhaul:reinforced_diamond_armor_helmet": [
      1,
      14.72
    ],
    "armoroverhaul:sand_armor_helmet": [
      1439,
      -3.512
    ],
    "armoroverhaul:sandstone_armor_helmet": [
      1284,
      -2.272
    ],
    "armoroverhaul:shulker_armor_helmet": [
      371,
      5.032
    ],
    "armoroverhaul:slime_armor_helmet": [
      1,
      25.88
    ],
    "armoroverhaul:sponge_armor_helmet": [
      851,
      1.192
    ],
    "armoroverhaul:stone_armor_helmet": [
      1284,
      -2.272
    ],
    "armoroverhaul:tnt_armor_helmet": [
      1259,
      -2.072
    ],
    "armoroverhaul:turtle_armor_helmet": [
      1007,
      -0.056
    ],
    "armoroverhaul:villager_armor_helmet": [
      716,
      2.272
    ],
    "armoroverhaul:wither_armor_helmet": [
      1,
      53.28
    ],
    "armoroverhaul:wooden_armor_helmet": [
      1360,
      -2.88
    ],
    "armoroverhaul:zombie_armor_helmet": [
      1279,
      -2.232
    ],
    "byg:ametrine_helmet": [
      1,
      12.312
    ],
    "cataclysm:ignitium_helmet": [
      1,
      14.144
    ],
    "cataclysm:monstrous_helm": [
      361,
      5.112
    ],
    "constructsarmory:material_armor_helmet": [
      1498,
      -3.984
    ],
    "create:diving_helmet": [
      1141,
      -1.128
    ],
    "cyclic:crystal_helmet": [
      1,
      36.832
    ],
    "cyclic:emerald_helmet": [
      1,
      13.16
    ],
    "cyclic:glowing_helmet": [
      749,
      2.008
    ],
    "dicemcta:gilded_diamond_helmet": [
      33,
      7.736
    ],
    "dicemcta:gilded_netherite_helmet": [
      1,
      8.592
    ],
    "dicemcta:wood_helmet": [
      1325,
      -2.6
    ],
    "endrem:end_crystal_helmet": [
      43,
      7.656
    ],
    "extraarmor:acacia_wood_helmet": [
      1345,
      -2.76
    ],
    "extraarmor:birch_wood_helmet": [
      1345,
      -2.76
    ],
    "extraarmor:bone_helmet": [
      741,
      2.072
    ],
    "extraarmor:cactus_helmet": [
      1253,
      -2.024
    ],
    "extraarmor:crying_obsidian_helmet": [
      502,
      3.984
    ],
    "extraarmor:dark_oak_wood_helmet": [
      1345,
      -2.76
    ],
    "extraarmor:emerald_helmet": [
      581,
      3.352
    ],
    "extraarmor:ender_helmet": [
      914,
      0.688
    ],
    "extraarmor:feather_helmet": [
      1118,
      -0.944
    ],
    "extraarmor:ghost_helmet": [
      147,
      6.824
    ],
    "extraarmor:glowstone_helmet": [
      549,
      3.608
    ],
    "extraarmor:honeycomb_helmet": [
      1194,
      -1.552
    ],
    "extraarmor:ice_helmet": [
      1183,
      -1.464
    ],
    "extraarmor:jungle_wood_helmet": [
      1345,
      -2.76
    ],
    "extraarmor:lapis_helmet": [
      1102,
      -0.816
    ],
    "extraarmor:magma_helmet": [
      1107,
      -0.856
    ],
    "extraarmor:melon_helmet": [
      1253,
      -2.024
    ],
    "extraarmor:molten_helmet": [
      592,
      3.264
    ],
    "extraarmor:oak_wood_helmet": [
      1345,
      -2.76
    ],
    "extraarmor:obsidian_helmet": [
      502,
      3.984
    ],
    "extraarmor:phantom_helmet": [
      889,
      0.888
    ],
    "extraarmor:prismarine_crystal_helmet": [
      468,
      4.256
    ],
    "extraarmor:prismarine_shard_helmet": [
      468,
      4.256
    ],
    "extraarmor:pumpkin_helmet": [
      1253,
      -2.024
    ],
    "extraarmor:quartz_helmet": [
      1073,
      -0.584
    ],
    "extraarmor:slime_helmet": [
      1036,
      -0.288
    ],
    "extraarmor:snow_helmet": [
      1345,
      -2.76
    ],
    "extraarmor:spruce_wood_helmet": [
      1345,
      -2.76
    ],
    "immersiveengineering:armor_faraday_head": [
      1366,
      -2.928
    ],
    "immersiveengineering:armor_steel_head": [
      505,
      3.96
    ],
    "mekanism:hazmat_mask": [
      1500,
      -4.0
    ],
    "mekanism:mekasuit_helmet": [
      98,
      7.216
    ],
    "mekanism:scuba_mask": [
      1500,
      -4.0
    ],
    "mekanismtools:bronze_helmet": [
      455,
      4.36
    ],
    "mekanismtools:lapis_lazuli_helmet": [
      1145,
      -1.16
    ],
    "mekanismtools:osmium_helmet": [
      1,
      8.632
    ],
    "mekanismtools:refined_glowstone_helmet": [
      281,
      5.752
    ],
    "mekanismtools:refined_obsidian_helmet": [
      1,
      24.896
    ],
    "mekanismtools:steel_helmet": [
      201,
      6.392
    ],
    "minecolonies:pirate_cap": [
      487,
      4.104
    ],
    "minecolonies:pirate_hat": [
      88,
      7.296
    ],
    "minecolonies:plate_armor_helmet": [
      1,
      9.792
    ],
    "minecolonies:santa_hat": [
      1,
      45.04
    ],
    "minecraft:chainmail_helmet": [
      1098,
      -0.784
    ],
    "minecraft:diamond_helmet": [
      444,
      4.448
    ],
    "minecraft:golden_helmet": [
      1201,
      -1.608
    ],
    "minecraft:iron_helmet": [
      954,
      0.368
    ],
    "minecraft:leather_helmet": [
      1356,
      -2.848
    ],
    "minecraft:netherite_helmet": [
      361,
      5.112
    ],
    "minecraft:turtle_helmet": [
      865,
      1.08
    ],
    "mob_grinding_utils:monocle": [
      1098,
      -0.784
    ],
    "mowziesmobs:barako_mask": [
      1262,
      -2.096
    ],
    "mowziesmobs:barakoa_mask_bliss": [
      1384,
      -3.072
    ],
    "mowziesmobs:barakoa_mask_faith": [
      1384,
      -3.072
    ],
    "mowziesmobs:barakoa_mask_fear": [
      1384,
      -3.072
    ],
    "mowziesmobs:barakoa_mask_fury": [
      1384,
      -3.072
    ],
    "mowziesmobs:barakoa_mask_misery": [
      1384,
      -3.072
    ],
    "mowziesmobs:barakoa_mask_rage": [
      1384,
      -3.072
    ],
    "mowziesmobs:wrought_helmet": [
      1051,
      -0.408
    ],
    "savageandravage:griefer_helmet": [
      732,
      2.144
    ],
    "savageandravage:mask_of_dishonesty": [
      1384,
      -3.072
    ],
    "simpledivegear:divehelmet": [
      1500,
      -4.0
    ],
    "simpledivegear:divehelmetlighted": [
      1500,
      -4.0
    ],
    "simpledivegear:netherdivehelmet": [
      1500,
      -4.0
    ],
    "simpledivegear:netherdivehelmetlighted": [
      1500,
      -4.0
    ],
    "survive:stiffened_honey_helmet": [
      1447,
      -3.576
    ],
    "survive:wool_hat": [
      1447,
      -3.576
    ],
    "tconstruct:plate_helmet": [
      1498,
      -3.984
    ],
    "tconstruct:slime_helmet": [
      1498,
      -3.984
    ],
    "tconstruct:travelers_helmet": [
      1498,
      -3.984
    ],
    "thermal:beekeeper_helmet": [
      1313,
      -2.504
    ],
    "thermal:diving_helmet": [
      976,
      0.192
    ],
    "thermal:hazmat_helmet": [
      1055,
      -0.44
    ],
    "twilightforest:arctic_helmet": [
      688,
      2.496
    ],
    "twilightforest:fiery_helmet": [
      1,
      10.144
    ],
    "twilightforest:ironwood_helmet": [
      606,
      3.152
    ],
    "twilightforest:knightmetal_helmet": [
      245,
      6.04
    ],
    "twilightforest:phantom_helmet": [
      60,
      7.52
    ],
    "twilightforest:steeleaf_helmet": [
      378,
      4.976
    ],
    "twilightforest:yeti_helmet": [
      143,
      6.856
    ]
  }
}