{
  "Chance to reforge can be set from 0 to 1": "",
  "Tool Reforges": "",
  "Worthless": 0.1,
  "Broken": 0.1,
  "Chipped": 0.1,
  "Bulky": 0.1,
  "Rusted": 0.1,
  "Clumsy": 0.1,
  "Short": 0.1,
  "Pokey": 0.12,
  "Broad": 0.15,
  "Thin": 0.15,
  "Vicious": 0.15,
  "Long": 0.15,
  "Sharp": 0.15,
  "Keen": 0.15,
  "Graceful": 0.15,
  "Sweeping": 0.15,
  "Legendary": 0.15,
  "Bow/Crossbow Reforges": "",
  "Clumsy Bow": 0.15,
  "Cracked": 0.15,
  "Light": 0.15,
  "Powerful": 0.15,
  "Legendary Bow": 0.1,
  "Armor Reforges": "",
  "Crumbling": 0.12,
  "Dented": 0.12,
  "Heavy": 0.12,
  "Thick": 0.12,
  "Lucky": 0.12,
  "Springy": 0.15,
  "Speedy": 0.15,
  "Tough": 0.15,
  "Protective": 0.15,
  "Solid": 0.15,
  "Masterful": 0.15,
  "Shield Reforges": "",
  "Heavy Shield": 0.15,
  "Thick Shield": 0.15,
  "Solid Shield": 0.15
}