{
  "Material for unspecified items": "iron_ingot",
  "turtle_helmet": "scute",
  "bow": "string",
  "wooden_sword": "oak_planks",
  "stone_sword": "cobblestone",
  "golden_sword": "gold_ingot",
  "iron_sword": "iron_ingot",
  "diamond_sword": "diamond",
  "netherite_sword": "netherite_scrap",
  "wooden_shovel": "oak_planks",
  "wooden_pickaxe": "oak_planks",
  "wooden_axe": "oak_planks",
  "wooden_hoe": "oak_planks",
  "stone_shovel": "cobblestone",
  "stone_pickaxe": "cobblestone",
  "stone_axe": "cobblestone",
  "stone_hoe": "cobblestone",
  "golden_shovel": "gold_ingot",
  "golden_pickaxe": "gold_ingot",
  "golden_axe": "gold_ingot",
  "golden_hoe": "gold_ingot",
  "iron_shovel": "iron_ingot",
  "iron_pickaxe": "iron_ingot",
  "iron_axe": "iron_ingot",
  "iron_hoe": "iron_ingot",
  "diamond_shovel": "diamond",
  "diamond_pickaxe": "diamond",
  "diamond_axe": "diamond",
  "diamond_hoe": "diamond",
  "netherite_shovel": "netherite_scrap",
  "netherite_pickaxe": "netherite_scrap",
  "netherite_axe": "netherite_scrap",
  "netherite_hoe": "netherite_scrap",
  "leather_helmet": "leather",
  "leather_chestplate": "leather",
  "leather_leggings": "leather",
  "leather_boots": "leather",
  "chainmail_helmet": "iron_bars",
  "chainmail_chestplate": "iron_bars",
  "chainmail_leggings": "iron_bars",
  "chainmail_boots": "iron_bars",
  "iron_helmet": "iron_ingot",
  "iron_chestplate": "iron_ingot",
  "iron_leggings": "iron_ingot",
  "iron_boots": "iron_ingot",
  "diamond_helmet": "diamond",
  "diamond_chestplate": "diamond",
  "diamond_leggings": "diamond",
  "diamond_boots": "diamond",
  "golden_helmet": "gold_ingot",
  "golden_chestplate": "gold_ingot",
  "golden_leggings": "gold_ingot",
  "golden_boots": "gold_ingot",
  "netherite_helmet": "netherite_scrap",
  "netherite_chestplate": "netherite_scrap",
  "netherite_leggings": "netherite_scrap",
  "netherite_boots": "netherite_scrap",
  "shield": "iron_ingot",
  "crossbow": "iron_ingot"
}